{
  "run_id": "v16_candidate_selection_20260620_0011",
  "result_dir": "/home/data-gxu/acm/egolink2026-main/code/track2/EgoBench/results/V16_candidate_selection_val41-v16_candidate_selection_20260620_0011",
  "summary": {
    "valid": 41,
    "joint": 0.14634146341463414,
    "result": 0.21951219512195122,
    "tool": 0.14634146341463414,
    "micro": 0.3141025641025641,
    "avg_task_accuracy": 0.2812936813578662,
    "correct_calls": 49,
    "gt_calls": 156,
    "interaction_calls": 900
  },
  "report": "/home/data-gxu/acm/egolink2026-main/code/track2/codex/reports/V16_FAILURE_DIFF_V14_TO_V16_v16_candidate_selection_20260620_0011.md",
  "uses_val41_gt_for_selection": false,
  "final_run": false
}